{
  "name": "crkbd KMR",
  "vendorId": "0xFEED",
  "productId": "0x3060",
  "lighting": "none",
  "matrix": { "rows": 8, "cols": 6 },
  "layouts": {
    "keymap": [
[
    {
      "y": 1,
      "x": 3.5
    },
    "0,3",
    {
      "x": 10.5
    },
    "4,3"
  ],
  [
    {
      "y": -0.875,
      "x": 2.5
    },
    "0,2",
    {
      "x": 1
    },
    "0,4",
    {
      "x": 8.5
    },
    "4,4",
    {
      "x": 1
    },
    "4,2"
  ],
  [
    {
      "y": -0.875,
      "x": 5.5
    },
    "0,5",
    {
      "x": 6.5
    },
    "4,5"
  ],
  [
    {
      "y": -0.875,
      "x": 1.5
    },
    "0,1",
    {
      "x": 14.5
    },
    "4,1",
    {
      "c": "#aaaaaa"
    },
    "4,0"
  ],
  [
    {
      "y": -0.9950000000000001,
      "x": 0.5
    },
    "0,0"
  ],
  [
    {
      "y": -0.3799999999999999,
      "x": 3.5,
      "c": "#cccccc"
    },
    "1,3",
    {
      "x": 10.5
    },
    "5,3"
  ],
  [
    {
      "y": -0.875,
      "x": 2.5
    },
    "1,2",
    {
      "x": 1
    },
    "1,4",
    {
      "x": 8.5
    },
    "5,4",
    {
      "x": 1
    },
    "5,2"
  ],
  [
    {
      "y": -0.875,
      "x": 5.5
    },
    "1,5",
    {
      "x": 6.5
    },
    "5,5"
  ],
  [
    {
      "y": -0.875,
      "x": 1.5
    },
    "1,1",
    {
      "x": 14.5
    },
    "5,1",
    {
      "c": "#aaaaaa"
    },
    "5,0"
  ],
  [
    {
      "y": -0.9950000000000001,
      "x": 0.5
    },
    "1,0"
  ],
  [
    {
      "y": -0.3799999999999999,
      "x": 3.5,
      "c": "#cccccc"
    },
    "2,3",
    {
      "x": 10.5
    },
    "6,3"
  ],
  [
    {
      "y": -0.875,
      "x": 2.5
    },
    "2,2",
    {
      "x": 1
    },
    "2,4",
    {
      "x": 8.5
    },
    "6,4",
    {
      "x": 1
    },
    "6,2"
  ],
  [
    {
      "y": -0.875,
      "x": 5.5
    },
    "2,5",
    {
      "x": 6.5
    },
    "6,5"
  ],
  [
    {
      "y": -0.875,
      "x": 1.5
    },
    "2,1",
    {
      "x": 14.5
    },
    "6,1",
    {
      "c": "#777777"
    },
    "6,0"
  ],
  [
    {
      "y": -0.9950000000000001,
      "x": 0.5
    },
    "2,0"
  ],
  [
    {
      "r": 10,
      "rx": 6.5,
      "ry": 4.25,
      "y": 0.25,
      "x": -1.25,
      "c": "#aaaaaa"
    },
    "3,4"
  ],
  [
    {
      "r": 30,
      "y": -1.5,
      "x": 0.25,
      "h": 1.5
    },
    "3,5"
  ],
  [
    {
      "r": 180,
      "y": -1.75,
      "x": 1.5
    },
    "3,3"
  ],
  [
    {
      "r": -180,
      "rx": 13,
      "y": -1,
      "x": -2.5
    },
    "7,3"
  ],
  [
    {
      "r": -30,
      "y": -0.25,
      "x": -1.25,
      "h": 1.5
    },
    "7,5"
  ],
  [
    {
      "r": -10,
      "y": -0.5,
      "x": 0.25
    },
    "7,4"
  ]
    ]
  }
}